id;last_name_pid;first_name_pid;nationality_pid;number_pid;expiration_date_pid;issue_date_pid
1;Île-de-France drive out-of-the-box;matrix Borders;Ball system;Games;2023-02-27;2023-02-26
2;Programmable SDD Practical;Wooden;exuding Plastic;invoice;2023-02-26;2023-02-27
3;turn-key;Directeur;Granite end-to-end;application bottom-line;2023-02-27;2023-02-27
4;Soap;IB Arménie;Sausages COM;killer b;2023-02-26;2023-02-27
5;bypassing;a;b fuchsia Serbie;pixel;2023-02-27;2023-02-27
6;Account;Plastic;connect;Specialiste Borders Fresh;2023-02-26;2023-02-27
7;invoice up Franche-Comté;Grocery;optimize b;haptic empowering eco-centric;2023-02-26;2023-02-26
8;Jewelery;Concrete open-source installation;Producteur Cambridgeshire;Franche-Comté;2023-02-26;2023-02-26
9;Coordinateur approach Games;Grocery Shilling;Chair primary pixel;Bedfordshire Buckinghamshire;2023-02-26;2023-02-27
10;SCSI silver Haute-Normandie;dynamic Account;XML Computers;Industrial Personal;2023-02-27;2023-02-27
